Code,Name,MarketId
005930,삼성전자,STK
000660,SK하이닉스,STK
373220,LG에너지솔루션,STK
207940,삼성바이오로직스,STK
005935,삼성전자우,STK
005380,현대차,STK
000270,기아,STK
068270,셀트리온,STK
005490,POSCO홀딩스,STK
035420,NAVER,STK
006400,삼성SDI,STK
051910,LG화학,STK
105560,KB금융,STK
028260,삼성물산,STK
247540,에코프로비엠,KSQ
012330,현대모비스,STK
035720,카카오,STK
055550,신한지주,STK
003670,포스코퓨처엠,STK
032830,삼성생명,STK
086790,하나금융지주,STK
066570,LG전자,STK
138040,메리츠금융지주,STK
086520,에코프로,KSQ
042700,한미반도체,STK
000810,삼성화재,STK
028300,HLB,KSQ
015760,한국전력,STK
259960,크래프톤,STK
003550,LG,STK
012450,한화에어로스페이스,STK
033780,KT&G,STK
018260,삼성에스디에스,STK
034730,SK,STK
323410,카카오뱅크,STK
329180,HD현대중공업,STK
017670,SK텔레콤,STK
011200,HMM,STK
009150,삼성전기,STK
024110,기업은행,STK
402340,SK스퀘어,STK
316140,우리금융지주,STK
042660,한화오션,STK
096770,SK이노베이션,STK
010130,고려아연,STK
352820,하이브,STK
034020,두산에너빌리티,STK
196170,알테오젠,KSQ
267260,HD현대일렉트릭,STK
010950,S-Oil,STK
030200,KT,STK
010140,삼성중공업,STK
009540,HD한국조선해양,STK
090430,아모레퍼시픽,STK
047050,포스코인터내셔널,STK
450080,에코프로머티,STK
003490,대한항공,STK
161390,한국타이어앤테크놀로지,STK
326030,SK바이오팜,STK
086280,현대글로비스,STK
005830,DB손해보험,STK
022100,포스코DX,STK
051900,LG생활건강,STK
348370,엔켐,KSQ
000100,유한양행,STK
001570,금양,STK
088980,맥쿼리인프라,STK
066970,엘앤에프,STK
005387,현대차2우B,STK
241560,두산밥캣,STK
097950,CJ제일제당,STK
010120,LS ELECTRIC,STK
034220,LG디스플레이,STK
251270,넷마블,STK
028050,삼성E&A,STK
005070,코스모신소재,STK
047810,한국항공우주,STK
267250,HD현대,STK
454910,두산로보틱스,STK
064350,현대로템,STK
377300,카카오페이,STK
302440,SK바이오사이언스,STK
011070,LG이노텍,STK
009830,한화솔루션,STK
361610,SK아이이테크놀로지,STK
006800,미래에셋증권,STK
032640,LG유플러스,STK
004020,현대제철,STK
058470,리노공업,KSQ
029780,삼성카드,STK
011170,롯데케미칼,STK
011790,SKC,STK
006260,LS,STK
078930,GS,STK
021240,코웨이,STK
128940,한미약품,STK
068760,셀트리온제약,KSQ
307950,현대오토에버,STK
180640,한진칼,STK
000720,현대건설,STK
005940,NH투자증권,STK
403870,HPSP,KSQ
036570,엔씨소프트,STK
079550,LIG넥스원,STK
271560,오리온,STK
003410,쌍용C&E,STK
005385,현대차우,STK
071050,한국금융지주,STK
001040,CJ,STK
277810,레인보우로보틱스,KSQ
011780,금호석유,STK
039490,키움증권,STK
016360,삼성증권,STK
272210,한화시스템,STK
035250,강원랜드,STK
039030,이오테크닉스,KSQ
298040,효성중공업,STK
010620,HD현대미포,STK
000120,CJ대한통운,STK
004990,롯데지주,STK
001450,현대해상,STK
018880,한온시스템,STK
214150,클래시스,KSQ
138930,BNK금융지주,STK
002790,아모레G,STK
145020,휴젤,KSQ
383220,F&F,STK
065350,신성델타테크,KSQ
007660,이수페타시스,STK
000250,삼천당제약,KSQ
081660,휠라홀딩스,STK
001440,대한전선,STK
175330,JB금융지주,STK
357780,솔브레인,KSQ
035900,JYP Ent.,KSQ
036460,한국가스공사,STK
005290,동진쎄미켐,KSQ
012750,에스원,STK
088350,한화생명,STK
004370,농심,STK
008770,호텔신라,STK
008930,한미사이언스,STK
282330,BGF리테일,STK
000150,두산,STK
028670,팬오션,STK
030000,제일기획,STK
014680,한솔케미칼,STK
112610,씨에스윈드,STK
052690,한전기술,STK
002380,KCC,STK
003230,삼양식품,STK
007070,GS리테일,STK
000880,한화,STK
020150,롯데에너지머티리얼즈,STK
051915,LG화학우,STK
026960,동서,STK
041510,에스엠,KSQ
263750,펄어비스,KSQ
000990,DB하이텍,STK
023530,롯데쇼핑,STK
240810,원익IPS,KSQ
010060,OCI홀딩스,STK
095340,ISC,KSQ
278470,에이피알,STK
067630,HLB생명과학,KSQ
073240,금호타이어,STK
141080,리가켐바이오,KSQ
457190,이수스페셜티케미컬,STK
293490,카카오게임즈,KSQ
103140,풍산,STK
139480,이마트,STK
006040,동원산업,STK
009420,한올바이오파마,STK
012510,더존비즈온,STK
417200,LS머트리얼즈,KSQ
035760,CJ ENM,KSQ
036930,주성엔지니어링,KSQ
111770,영원무역,STK
007310,오뚜기,STK
004170,신세계,STK
112040,위메이드,KSQ
237690,에스티팜,KSQ
017800,현대엘리베이,STK
042670,HD현대인프라코어,STK
192820,코스맥스,STK
064760,티씨케이,KSQ
047040,대우건설,STK
011210,현대위아,STK
298050,효성첨단소재,STK
051600,한전KPS,STK
298020,효성티앤씨,STK
204320,HL만도,STK
145720,덴티움,STK
000080,하이트진로,STK
002710,TCC스틸,STK
067310,하나마이크론,KSQ
000240,한국앤컴퍼니,STK
018670,SK가스,STK
328130,루닛,KSQ
281740,레이크머티리얼즈,KSQ
034230,파라다이스,KSQ
005850,에스엘,STK
078600,대주전자재료,KSQ
121600,나노신소재,KSQ
139130,DGB금융지주,STK
214450,파마리서치,KSQ
089030,테크윙,KSQ
185750,종근당,STK
003690,코리안리,STK
336370,솔루스첨단소재,STK
067160,아프리카TV,KSQ
006280,녹십자,STK
004490,세방전지,STK
375500,DL이앤씨,STK
248070,솔루엠,STK
069620,대웅제약,STK
108320,LX세미콘,STK
336260,두산퓨얼셀,STK
006360,GS건설,STK
204270,제이앤티씨,KSQ
253450,스튜디오드래곤,KSQ
137310,에스디바이오센서,STK
004800,효성,STK
280360,롯데웰푸드,STK
001740,SK네트웍스,STK
161890,한국콜마,STK
005420,코스모화학,STK
098460,고영,KSQ
005300,롯데칠성,STK
014820,동원시스템즈,STK
069960,현대백화점,STK
009240,한샘,STK
006110,삼아알미늄,STK
025900,동화기업,KSQ
353200,대덕전자,STK
009970,영원무역홀딩스,STK
096530,씨젠,KSQ
084370,유진테크,KSQ
031980,피에스케이홀딩스,KSQ
003620,KG모빌리티,STK
399720,가온칩스,KSQ
214370,케어젠,KSQ
395400,SK리츠,STK
166090,하나머티리얼즈,KSQ
298380,에이비엘바이오,KSQ
140860,파크시스템스,KSQ
004000,롯데정밀화학,STK
140410,메지온,KSQ
039200,오스코텍,KSQ
294870,HDC현대산업개발,STK
195940,HK이노엔,KSQ
000210,DL,STK
393890,더블유씨피,KSQ
383310,에코프로에이치엔,KSQ
336570,원텍,KSQ
267270,HD현대건설기계,STK
047920,HLB제약,KSQ
003090,대웅,STK
001120,LX인터내셔널,STK
000400,롯데손해보험,STK
036830,솔브레인홀딩스,KSQ
089860,롯데렌탈,STK
082740,한화엔진,STK
285130,SK케미칼,STK
440110,파두,KSQ
120110,코오롱인더,STK
086900,메디톡스,KSQ
222800,심텍,KSQ
103590,일진전기,STK
101490,에스앤에스텍,KSQ
085660,차바이오텍,KSQ
036540,SFA반도체,KSQ
365340,성일하이텍,KSQ
039130,하나투어,STK
287410,제이시스메디칼,KSQ
319660,피에스케이,KSQ
365550,ESR켄달스퀘어리츠,STK
115450,HLB테라퓨틱스,KSQ
002840,미원상사,STK
078130,국일제지,KSQ
056190,에스에프에이,KSQ
213420,덕산네오룩스,KSQ
085620,미래에셋생명,STK
003030,세아제강지주,STK
137400,피엔티,KSQ
192080,더블유게임즈,STK
183300,코미코,KSQ
214320,이노션,STK
002350,넥센타이어,STK
178320,서진시스템,KSQ
300720,한일시멘트,STK
089590,제주항공,STK
001800,오리온홀딩스,STK
420770,기가비스,KSQ
225570,넥슨게임즈,KSQ
114090,GKL,STK
006650,대한유화,STK
352480,씨앤씨인터내셔널,KSQ
009520,포스코엠텍,KSQ
023590,다우기술,STK
074600,원익QnC,KSQ
105630,한세실업,STK
122870,와이지엔터테인먼트,KSQ
195870,해성디에스,STK
008730,율촌화학,STK
048410,현대바이오,KSQ
033100,제룡전기,KSQ
232140,와이아이케이,KSQ
006120,SK디스커버리,STK
082640,동양생명,STK
348950,제이알글로벌리츠,STK
131970,두산테스나,KSQ
009450,경동나비엔,STK
950160,코오롱티슈진,KSQ
007340,DN오토모티브,STK
020560,아시아나항공,STK
080220,제주반도체,KSQ
003280,흥아해운,STK
257720,실리콘투,KSQ
271940,일진하이솔루스,STK
069260,TKG휴켐스,STK
281820,케이씨텍,STK
010780,아이에스동서,STK
181710,NHN,STK
003850,보령,STK
330590,롯데리츠,STK
100090,SK오션플랜트,STK
003540,대신증권,STK
018290,브이티,KSQ
222080,씨아이에스,KSQ
025320,시노펙스,KSQ
032350,롯데관광개발,STK
215200,메가스터디교육,KSQ
001430,세아베스틸지주,STK
418550,제이오,KSQ
093370,후성,STK
049770,동원F&B,STK
066575,LG전자우,STK
009900,명신산업,STK
456040,OCI,STK
000640,동아쏘시오홀딩스,STK
001680,대상,STK
041190,우리기술투자,KSQ
000815,삼성화재우,STK
278280,천보,KSQ
003530,한화투자증권,STK
086450,동국제약,KSQ
005250,녹십자홀딩스,STK
079160,CJ CGV,STK
003380,하림지주,KSQ
000670,영풍,STK
064550,바이오니아,KSQ
015750,성우하이텍,KSQ
317330,덕산테코피아,KSQ
272450,진에어,STK
003240,태광산업,STK
268280,미원에스씨,STK
017860,DS단석,STK
389020,자람테크놀로지,KSQ
005440,현대지에프홀딩스,STK
016380,KG스틸,STK
455900,엔젤로보틱스,KSQ
058970,엠로,KSQ
001060,JW중외제약,STK
403550,쏘카,STK
001530,DI동일,STK
057050,현대홈쇼핑,STK
161580,필옵틱스,KSQ
136510,스마트솔루션즈,KSQ
019170,신풍제약,STK
064960,SNT모티브,STK
005180,빙그레,STK
192400,쿠쿠홀딩스,STK
036810,에프에스티,KSQ
025540,한국단자,STK
053800,안랩,KSQ
131290,티에스이,KSQ
030190,NICE평가정보,STK
031430,신세계인터내셔날,STK
192650,드림텍,STK
344820,KCC글라스,STK
376300,디어유,KSQ
445090,에이직랜드,KSQ
348210,넥스틴,KSQ
189300,인텔리안테크,KSQ
001720,신영증권,STK
170900,동아에스티,STK
475150,SK이터닉스,STK
381970,케이카,STK
069080,웹젠,KSQ
039440,에스티아이,KSQ
394280,오픈엣지테크놀로지,KSQ
058610,에스피지,KSQ
003160,디아이,STK
460930,현대힘스,KSQ
335890,비올,KSQ
005880,대한해운,STK
119860,커넥트웨이브,KSQ
161000,애경케미칼,STK
237880,클리오,KSQ
194480,데브시스터즈,KSQ
272290,이녹스첨단소재,KSQ
000070,삼양홀딩스,STK
229640,LS에코에너지,STK
144510,지씨셀,KSQ
091120,이엠텍,KSQ
003570,SNT다이내믹스,STK
017960,한국카본,STK
091810,티웨이항공,STK
007700,F&F홀딩스,STK
228760,지노믹트리,KSQ
046890,서울반도체,KSQ
014830,유니드,STK
030610,교보증권,STK
090460,비에이치,STK
110990,디아이티,KSQ
032500,케이엠더블유,KSQ
358570,지아이이노베이션,KSQ
378340,필에너지,KSQ
007390,네이처셀,KSQ
460860,동국제강,STK
025980,아난티,KSQ
079370,제우스,KSQ
095610,테스,KSQ
003470,유안타증권,STK
178920,PI첨단소재,STK
087010,펩트론,KSQ
200710,에이디테크놀로지,KSQ
033240,자화전자,STK
293940,신한알파리츠,STK
018250,애경산업,STK
030520,한글과컴퓨터,KSQ
241590,화승엔터프라이즈,STK
310210,보로노이,KSQ
000370,한화손해보험,STK
383800,LX홀딩스,STK
215000,골프존,KSQ
101360,에코앤드림,KSQ
340570,티앤엘,KSQ
372170,윤성에프앤씨,KSQ
012630,HDC,STK
002240,고려제강,STK
099190,아이센스,KSQ
265520,AP시스템,KSQ
286940,롯데이노베이트,STK
002030,아세아,STK
104700,한국철강,STK
253590,네오셈,KSQ
145990,삼양사,STK
00680K,미래에셋증권2우B,STK
005610,SPC삼립,STK
078340,컴투스,KSQ
284740,쿠쿠홈시스,STK
199800,툴젠,KSQ
900140,엘브이엠씨홀딩스,STK
950210,프레스티지바이오파마,STK
095500,미래나노텍,KSQ
060280,큐렉소,KSQ
006220,제주은행,STK
006730,서부T&D,KSQ
126560,현대퓨처넷,STK
034310,NICE,STK
290650,엘앤씨바이오,KSQ
094360,칩스앤미디어,KSQ
360070,탑머티리얼,KSQ
230360,에코마케팅,KSQ
206650,유바이오로직스,KSQ
060250,NHN KCP,KSQ
001820,삼화콘덴서,STK
200130,콜마비앤에이치,KSQ
179900,유티아이,KSQ
215600,신라젠,KSQ
095660,네오위즈,KSQ
091700,파트론,KSQ
071320,지역난방공사,STK
425040,티이엠씨,KSQ
200880,서연이화,STK
104830,원익머트리얼즈,KSQ
001725,신영증권우,STK
017810,풀무원,STK
032190,다우데이타,KSQ
304360,에스바이오메딕스,KSQ
053030,바이넥스,KSQ
093320,케이아이엔엑스,KSQ
082270,젬백스,KSQ
053610,프로텍,KSQ
017940,E1,STK
068240,다원시스,KSQ
443670,에스피소프트,KSQ
243840,신흥에스이씨,KSQ
020000,한섬,STK
099320,쎄트렉아이,KSQ
043150,바텍,KSQ
011930,신성이엔지,STK
049070,인탑스,KSQ
093050,LF,STK
058650,세아홀딩스,STK
432320,KB스타리츠,STK
425420,티에프이,KSQ
108860,셀바스AI,KSQ
252990,샘씨엔에스,KSQ
114840,아이패밀리에스씨,KSQ
003000,부광약품,STK
084850,아이티엠반도체,KSQ
357120,코람코라이프인프라리츠,STK
034120,SBS,STK
249420,일동제약,STK
256840,한국비엔씨,KSQ
005810,풍산홀딩스,STK
372320,큐로셀,KSQ
075580,세진중공업,STK
151860,KG ETS,KSQ
090435,아모레퍼시픽우,STK
083450,GST,KSQ
299030,하나기술,KSQ
064290,인텍플러스,KSQ
005160,동국산업,KSQ
097520,엠씨넥스,STK
114190,강원에너지,KSQ
297890,HB솔루션,KSQ
377740,바이오노트,STK
033640,네패스,KSQ
290690,소룩스,KSQ
243070,휴온스,KSQ
051980,중앙첨단소재,KSQ
101160,월덱스,KSQ
082920,비츠로셀,KSQ
453340,현대그린푸드,STK
241710,코스메카코리아,KSQ
218410,RFHIC,KSQ
092040,아미코젠,KSQ
016800,퍼시스,STK
071970,STX중공업,STK
041830,인바디,KSQ
445680,큐리옥스바이오시스템즈,KSQ
094800,맵스리얼티1,STK
122640,예스티,KSQ
089970,에이피티씨,KSQ
448730,삼성FN리츠,STK
044490,태웅,KSQ
033500,동성화인텍,KSQ
323990,박셀바이오,KSQ
306200,세아제강,STK
002310,아세아제지,STK
204620,글로벌텍스프리,KSQ
001200,유진투자증권,STK
007460,에이프로젠,STK
183190,아세아시멘트,STK
330860,네패스아크,KSQ
034950,한국기업평가,KSQ
024850,HLB이노베이션,KSQ
089010,켐트로닉스,KSQ
001390,KG케미칼,STK
006405,삼성SDI우,STK
115390,락앤락,STK
171090,선익시스템,KSQ
007810,코리아써키트,STK
102710,이엔에프테크놀로지,KSQ
003300,한일홀딩스,STK
094170,동운아나텍,KSQ
123890,한국자산신탁,STK
166480,코아스템켐온,KSQ
099430,바이오플러스,KSQ
054450,텔레칩스,KSQ
200670,휴메딕스,KSQ
003520,영진약품,STK
036530,SNT홀딩스,STK
003545,대신증권우,STK
042000,카페24,KSQ
054950,제이브이엠,KSQ
033270,유나이티드제약,STK
029530,신도리코,STK
004690,삼천리,STK
114810,한솔아이원스,KSQ
432720,퀄리타스반도체,KSQ
451800,한화리츠,STK
003920,남양유업,STK
051905,LG생활건강우,STK
083310,엘오티베큠,KSQ
338220,뷰노,KSQ
045100,한양이엔지,KSQ
025860,남해화학,STK
001940,KISCO홀딩스,STK
059090,미코,KSQ
010690,화신,STK
299900,위지윅스튜디오,KSQ
031330,에스에이엠티,KSQ
093230,이아이디,STK
002960,한국쉘석유,STK
001340,백광산업,STK
089980,상아프론테크,KSQ
206640,바디텍메드,KSQ
437730,삼현,KSQ
009290,광동제약,STK
027410,BGF,STK
026890,스틱인베스트먼트,STK
013030,하이록코리아,KSQ
108670,LX하우시스,STK
00104K,CJ4우(전환),STK
029960,코엔텍,KSQ
005389,현대차3우B,STK
036620,감성코퍼레이션,KSQ
078150,HB테크놀러지,KSQ
050890,쏠리드,KSQ
000680,LS네트웍스,STK
060720,KH바텍,KSQ
003220,대원제약,STK
319400,현대무벡스,KSQ
004700,조광피혁,STK
348340,뉴로메카,KSQ
060980,HL홀딩스,STK
005690,파미셀,STK
036200,유니셈,KSQ
278650,HLB바이오스텝,KSQ
00088K,한화3우B,STK
001470,삼부토건,STK
039840,디오,KSQ
148150,세경하이테크,KSQ
119610,인터로조,KSQ
086390,유니테스트,KSQ
101730,위메이드맥스,KSQ
025770,한국정보통신,KSQ
005090,SGC에너지,STK
004430,송원산업,STK
251970,펌텍코리아,KSQ
051370,인터플렉스,KSQ
003580,HLB글로벌,STK
084010,대한제강,STK
077970,STX엔진,STK
001780,알루코,STK
003960,사조대림,STK
023160,태광,KSQ
000430,대원강업,STK
035890,서희건설,KSQ
117730,티로보틱스,KSQ
138580,비즈니스온,KSQ
078350,한양디지텍,KSQ
067390,아스트,KSQ
035600,KG이니시스,KSQ
136480,하림,KSQ
357550,석경에이티,KSQ
027360,아주IB투자,KSQ
126720,수산인더스트리,STK
007690,국도화학,STK
061970,LB세미콘,KSQ
018470,조일알미늄,STK
439090,마녀공장,KSQ
014620,성광벤드,KSQ
002320,한진,STK
080160,모두투어,KSQ
267980,매일유업,KSQ
038500,삼표시멘트,KSQ
126700,하이비젼시스템,KSQ
235980,메드팩토,KSQ
084690,대상홀딩스,STK
397030,에이프릴바이오,KSQ
298690,에어부산,STK
001630,종근당홀딩스,STK
024720,콜마홀딩스,STK
108490,로보티즈,KSQ
118990,모트렉스,KSQ
041020,폴라리스오피스,KSQ
263720,디앤씨미디어,KSQ
088260,이리츠코크렙,STK
004560,현대비앤지스틸,STK
035150,백산,STK
056080,유진로봇,KSQ
000490,대동,STK
214430,아이쓰리시스템,KSQ
072710,농심홀딩스,STK
441270,파인엠텍,KSQ
112290,와이씨켐,KSQ
100790,미래에셋벤처투자,KSQ
090360,로보스타,KSQ
077360,덕산하이메탈,KSQ
012030,DB,STK
041960,코미팜,KSQ
405100,큐알티,KSQ
108230,톱텍,KSQ
095700,제넥신,KSQ
009160,SIMPAC,STK
092870,엑시콘,KSQ
060150,인선이엔티,KSQ
018310,삼목에스폼,KSQ
058820,CMG제약,KSQ
047310,파워로직스,KSQ
000500,가온전선,STK
094480,갤럭시아머니트리,KSQ
102120,어보브반도체,KSQ
029460,케이씨,STK
058430,포스코스틸리온,STK
003800,에이스침대,KSQ
304100,솔트룩스,KSQ
006390,한일현대시멘트,STK
017390,서울가스,STK
217270,넵튠,KSQ
004380,삼익THK,STK
217330,싸이토젠,KSQ
036420,콘텐트리중앙,STK
322310,오로스테크놀로지,KSQ
270520,지오릿에너지,KSQ
001510,SK증권,STK
084680,이월드,STK
122900,아이마켓코리아,STK
950140,잉글우드랩,KSQ
100120,뷰웍스,KSQ
448280,에코아이,KSQ
101670,하이드로리튬,KSQ
126340,비나텍,KSQ
001790,대한제당,STK
051500,CJ프레시웨이,KSQ
005500,삼진제약,STK
117580,대성에너지,STK
030530,원익홀딩스,KSQ
001500,현대차증권,STK
307750,국전약품,KSQ
000480,CR홀딩스,STK
009680,모토닉,STK
011500,한농화성,STK
272550,삼양패키징,STK
064260,다날,KSQ
004090,한국석유,STK
051360,토비스,KSQ
007570,일양약품,STK
023410,유진기업,KSQ
138490,코오롱플라스틱,STK
322000,HD현대에너지솔루션,STK
084110,휴온스글로벌,KSQ
254490,미래반도체,KSQ
042600,새로닉스,KSQ
356860,티엘비,KSQ
216080,제테마,KSQ
047560,이스트소프트,KSQ
005950,이수화학,STK
001230,동국홀딩스,STK
092220,KEC,STK
416180,신성에스티,KSQ
402030,코난테크놀로지,KSQ
146320,비씨엔씨,KSQ
226320,잇츠한불,STK
107640,한중엔시에스,KNX
037270,YG PLUS,STK
452260,한화갤러리아,STK
071055,한국금융지주우,STK
123860,아나패스,KSQ
052400,코나아이,KSQ
314930,바이오다인,KSQ
121800,비덴트,KSQ
005390,신성통상,STK
270660,에브리봇,KSQ
024060,흥구석유,KSQ
950170,JTC,KSQ
034830,한국토지신탁,STK
033160,엠케이전자,KSQ
060370,LS마린솔루션,KSQ
053210,스카이라이프,STK
000155,두산우,STK
298830,슈어소프트테크,KSQ
174900,앱클론,KSQ
102940,코오롱생명과학,KSQ
002150,도화엔지니어링,STK
037560,LG헬로비전,STK
016580,환인제약,STK
389260,대명에너지,KSQ
097230,HJ중공업,STK
211050,인카금융서비스,KSQ
334970,프레스티지바이오로직스,KSQ
013890,지누스,STK
005010,휴스틸,STK
402490,그린리소스,KSQ
003120,일성아이에스,STK
334890,이지스밸류리츠,STK
104460,디와이피엔에프,KSQ
083650,비에이치아이,KSQ
078020,이베스트투자증권,KSQ
417010,나노팀,KSQ
226950,올릭스,KSQ
053080,케이엔솔,KSQ
365270,큐라클,KSQ
006580,대양제지,KSQ
049950,미래컴퍼니,KSQ
096040,이트론,KSQ
102460,이연제약,STK
268600,셀리버리,KSQ
217820,원익피앤이,KSQ
008490,서흥,STK
282880,코윈테크,KSQ
036030,케이티알파,KSQ
194370,제이에스코퍼레이션,STK
451760,컨텍,KSQ
037710,광주신세계,STK
461030,아이엠비디엑스,KSQ
079940,가비아,KSQ
009470,삼화전기,STK
008350,남선알미늄,STK
000540,흥국화재,STK
032620,유비케어,KSQ
001460,BYC,STK
001270,부국증권,STK
083790,CG인바이츠,KSQ
211270,AP위성,KSQ
092070,디엔에프,KSQ
079810,디이엔티,KSQ
095720,웅진씽크빅,STK
213500,한솔제지,STK
271980,제일약품,STK
034810,해성산업,KSQ
200470,에이팩트,KSQ
013120,동원개발,KSQ
144960,뉴파워프라즈마,KSQ
089890,코세스,KSQ
000020,동화약품,STK
457550,우진엔텍,KSQ
052020,에스티큐브,KSQ
078160,메디포스트,KSQ
093640,케이알엠,KSQ
293480,하나제약,STK
002810,삼영무역,STK
092230,KPX홀딩스,STK
048530,인트론바이오,KSQ
950130,엑세스바이오,KSQ
011810,STX,STK
382840,원준,KSQ
078070,유비쿼스홀딩스,KSQ
179290,엠아이텍,KSQ
150840,인트로메딕,KSQ
015360,예스코홀딩스,STK
083930,아바코,KSQ
086980,쇼박스,KSQ
318020,포인트모바일,KSQ
036800,나이스정보통신,KSQ
016590,신대양제지,STK
214680,디알텍,KSQ
205470,휴마시스,KSQ
388720,유일로보틱스,KSQ
048870,시너지이노베이션,KSQ
229500,노브메타파마,KNX
064800,젬백스링크,KSQ
025820,이구산업,STK
086890,이수앱지스,KSQ
011760,현대코퍼레이션,STK
122990,와이솔,KSQ
354320,알멕,KSQ
130660,한전산업,STK
036220,오상헬스케어,KSQ
190510,나무가,KSQ
043370,피에이치에이,KSQ
004360,세방,STK
102260,동성케미컬,STK
005860,한일사료,KSQ
035080,그래디언트,KSQ
005720,넥센,STK
017890,한국알콜,KSQ
036890,진성티이씨,KSQ
084990,헬릭스미스,KSQ
900290,GRT,KSQ
109610,에스와이,KSQ
001130,대한제분,STK
096760,JW홀딩스,STK
001520,동양,STK
096240,크레버스,KSQ
377190,디앤디플랫폼리츠,STK
006060,화승인더,STK
109070,주성코퍼레이션,STK
071840,롯데하이마트,STK
025000,KPX케미칼,STK
091580,상신이디피,KSQ
432430,와이랩,KSQ
042370,비츠로테크,KSQ
297090,씨에스베어링,KSQ
045390,대아티아이,KSQ
298540,더네이쳐홀딩스,KSQ
095570,AJ네트웍스,STK
107600,새빗켐,KSQ
089600,나스미디어,KSQ
160980,싸이맥스,KSQ
019680,대교,STK
122450,KX,KSQ
298000,효성화학,STK
005430,한국공항,STK
057880,피에이치씨,KSQ
038290,마크로젠,KSQ
039570,HDC랩스,STK
000050,경방,STK
074610,이엔플러스,STK
228670,레이,KSQ
126600,BGF에코머티리얼즈,KSQ
182360,큐브엔터,KSQ
143240,사람인,KSQ
007860,서연,STK
220100,퓨쳐켐,KSQ
445180,퓨릿,KSQ
008060,대덕,STK
060570,드림어스컴퍼니,KSQ
004980,성신양회,STK
000140,하이트진로홀딩스,STK
032300,한국파마,KSQ
073570,리튬포어스,KSQ
404990,신한서부티엔디리츠,STK
009155,삼성전기우,STK
033340,좋은사람들,KSQ
073490,이노와이어리스,KSQ
066790,씨씨에스,KSQ
411080,샌즈랩,KSQ
035810,이지홀딩스,KSQ
002900,TYM,STK
207760,미스터블루,KSQ
015860,일진홀딩스,STK
032820,우리기술,KSQ
067280,멀티캠퍼스,KSQ
092200,디아이씨,STK
001250,GS글로벌,STK
123040,엠에스오토텍,KSQ
002020,코오롱,STK
285490,노바텍,KSQ
000390,삼화페인트,STK
339770,교촌에프앤비,STK
093520,매커스,KSQ
289220,자이언트스텝,KSQ
251370,와이엠티,KSQ
011280,태림포장,STK
225530,보광산업,KSQ
063080,컴투스홀딩스,KSQ
452430,사피엔반도체,KSQ
450140,코오롱모빌리티그룹,STK
176750,듀켐바이오,KNX
210980,SK디앤디,STK
054210,이랜텍,KSQ
005945,NH투자증권우,STK
006840,AK홀딩스,STK
003200,일신방직,STK
010955,S-Oil우,STK
027970,한국제지,STK
001080,만호제강,STK
199430,케이엔알시스템,KSQ
214420,토니모리,STK
417310,코람코더원리츠,STK
143160,아이디스,KSQ
084650,랩지노믹스,KSQ
053300,한국정보인증,KSQ
234080,JW생명과학,STK
011040,경동제약,KSQ
067080,대화제약,KSQ
424960,스마트레이더시스템,KSQ
219130,타이거일렉,KSQ
462520,조선내화,STK
002100,경농,STK
092730,네오팜,KSQ
264850,이랜시스,KSQ
092790,넥스틸,STK
060590,씨티씨바이오,KSQ
123410,코리아에프티,KSQ
046440,KG모빌리언스,KSQ
097955,CJ제일제당 우,STK
065560,녹원씨엔아이,KSQ
011000,진원생명과학,STK
068930,디지털대성,KSQ
009580,무림P&P,STK
063570,한국전자금융,KSQ
005680,삼영전자,STK
019210,와이지-원,KSQ
023760,한국캐피탈,KSQ
006620,동구바이오제약,KSQ
205100,엑셈,KSQ
035510,신세계 I&C,STK
016790,카나리아바이오,KSQ
038110,에코플라스틱,KSQ
090710,휴림로봇,KSQ
192440,슈피겐코리아,KSQ
036560,영풍정밀,KSQ
172670,에이엘티,KSQ
230240,에치에프알,KSQ
016450,한세예스24홀딩스,STK
294570,쿠콘,KSQ
030210,다올투자증권,STK
388870,파로스아이바이오,KSQ
149950,아바텍,KSQ
131370,알서포트,KSQ
046210,HLB파나진,KSQ
044450,KSS해운,STK
006340,대원전선,STK
011785,금호석유우,STK
290670,대보마그네틱,KSQ
004250,NPC,STK
000520,삼일제약,STK
037070,파세코,KSQ
460850,동국씨엠,STK
002390,한독,STK
024810,이화전기,KSQ
363280,티와이홀딩스,STK
396270,넥스트칩,KSQ
038540,상상인,KSQ
090350,노루페인트,STK
372910,한컴라이프케어,STK
110790,크리스에프앤씨,KSQ
027710,팜스토리,KSQ
107590,미원홀딩스,STK
100250,진양홀딩스,STK
007160,사조산업,STK
220260,켐트로스,KSQ
081000,일진다이아,STK
003555,LG우,STK
206560,덱스터,KSQ
214390,경보제약,STK
042520,한스바이오메드,KSQ
119830,아이텍,KSQ
194700,노바렉스,KSQ
045970,코아시아,KSQ
068290,삼성출판사,STK
094820,일진파워,KSQ
004710,한솔테크닉스,STK
191420,테고사이언스,KSQ
377450,리파인,KSQ
043610,지니뮤직,KSQ
080420,모다이노칩,KSQ
234690,녹십자웰빙,KSQ
214180,헥토이노베이션,KSQ
010580,에스엠벡셀,STK
365590,하이딥,KSQ
472850,폰드그룹,KSQ
085670,뉴프렉스,KSQ
065680,우주일렉트로,KSQ
168360,펨트론,KSQ
000860,강남제비스코,STK
138610,나이벡,KSQ
128820,대성산업,STK
042420,네오위즈홀딩스,KSQ
182400,엔케이맥스,KSQ
267850,아시아나IDT,STK
370090,퓨런티어,KSQ
156100,엘앤케이바이오,KSQ
199820,제일전기공업,KSQ
015890,태경산업,STK
396470,워트,KSQ
028100,동아지질,STK
033290,코웰패션,KSQ
016610,DB금융투자,STK
078520,에이블씨엔씨,STK
088390,이녹스,KSQ
083420,그린케미칼,STK
321820,와이더플래닛,KSQ
136490,선진,STK
246710,티앤알바이오팹,KSQ
067000,조이시티,KSQ
072770,율호,KSQ
023910,대한약품,KSQ
010820,퍼스텍,STK
264450,유비쿼스,KSQ
109740,디에스케이,KSQ
236200,슈프리마,KSQ
321550,티움바이오,KSQ
100130,동국S&C,KSQ
024900,덕양산업,STK
136540,윈스,KSQ
044990,에이치엔에스하이텍,KNX
371950,풍원정밀,KSQ
419050,삼기이브이,KSQ
023600,삼보판지,KSQ
02826K,삼성물산우B,STK
030960,양지사,KSQ
384470,코어라인소프트,KSQ
451220,아이엠티,KSQ
002620,제일파마홀딩스,STK
053690,한미글로벌,STK
139990,아주스틸,STK
048550,SM C&C,KSQ
317870,엔바이오니아,KSQ
282690,동아타이어,STK
203650,드림시큐리티,KSQ
125210,아모그린텍,KSQ
105840,우진,STK
015230,대창단조,STK
417500,제이아이테크,KSQ
020120,키다리스튜디오,STK
036190,금화피에스시,KSQ
121440,골프존뉴딘홀딩스,KSQ
040910,아이씨디,KSQ
311320,지오엘리먼트,KSQ
073010,케이에스피,KSQ
234340,헥토파이낸셜,KSQ
064820,케이프,KSQ
226330,신테카바이오,KSQ
017370,우신시스템,STK
262260,에이프로,KSQ
091440,한울소재과학,KSQ
025950,동신건설,KSQ
012320,경동인베스트,STK
389500,에스비비테크,KSQ
044340,위닉스,KSQ
086820,바이오솔루션,KSQ
049720,고려신용정보,KSQ
362320,청담글로벌,KSQ
376190,LB루셈,KSQ
203690,스피어파워,KSQ
453860,에이에스텍,KSQ
000440,중앙에너비스,KSQ
033530,세종공업,STK
003070,코오롱글로벌,STK
357230,에이치피오,KSQ
063170,서울옥션,KSQ
090470,제이스텍,KSQ
290550,디케이티,KSQ
418420,라온텍,KSQ
067990,도이치모터스,KSQ
065450,빅텍,KSQ
040300,YTN,KSQ
382900,범한퓨얼셀,KSQ
092130,이크레더블,KSQ
014280,금강공업,STK
000320,노루홀딩스,STK
356680,엑스게이트,KSQ
239890,피엔에이치테크,KSQ
134380,미원화학,STK
140670,알에스오토메이션,KSQ
084730,팅크웨어,KSQ
317400,자이에스앤디,STK
322510,제이엘케이,KSQ
011330,유니켐,STK
388050,지투파워,KSQ
272110,케이엔제이,KSQ
282720,금양그린파워,KSQ
382800,지앤비에스 에코,KSQ
006890,태경케미컬,STK
452400,이닉스,KSQ
079960,동양이엔피,KSQ
002990,금호건설,STK
001020,페이퍼코리아,STK
109670,씨싸이트,KSQ
149980,하이로닉,KSQ
079430,현대리바트,STK
418620,이에이트,KSQ
159010,아스플로,KSQ
078940,퀀타피아,KSQ
001360,삼성제약,STK
101530,해태제과식품,STK
092190,서울바이오시스,KSQ
071280,로체시스템즈,KSQ
183490,엔지켐생명과학,KSQ
065510,휴비츠,KSQ
036010,아비코전자,KSQ
277880,티에스아이,KSQ
203400,에이비온,KSQ
013570,디와이,STK
013990,아가방컴퍼니,KSQ
014940,오리엔탈정공,KSQ
013310,아진산업,KSQ
255440,야스,KSQ
039560,다산네트웍스,KSQ
014530,극동유화,STK
900250,크리스탈신소재,KSQ
452160,제이엔비,KSQ
310200,애니플러스,KSQ
137950,제이씨케미칼,KSQ
032860,더라미,KSQ
077500,유니퀘스트,STK
170920,엘티씨,KSQ
000970,한국주철관,STK
217730,강스템바이오텍,KSQ
002170,삼양통상,STK
029480,광무,KSQ
274090,켄코아에어로스페이스,KSQ
033170,시그네틱스,KSQ
068790,DMS,KSQ
122830,원포유,KNX
037460,삼지전자,KSQ
418470,밀리의서재,KSQ
033920,무학,STK
007330,푸른저축은행,KSQ
014580,태경비케이,STK
060560,홈센타홀딩스,KSQ
094280,효성ITX,STK
016710,대성홀딩스,STK
007540,샘표,STK
007210,벽산,STK
004080,신흥,STK
00279K,아모레G3우(전환),STK
400760,NH올원리츠,STK
300080,플리토,KSQ
088800,에이스테크,KSQ
348150,고바이오랩,KSQ
261200,덴티스,KSQ
008700,아남전자,STK
010100,한국무브넥스,STK
012800,대창,STK
950190,고스트스튜디오,KSQ
210540,디와이파워,STK
054620,APS,KSQ
066980,한성크린텍,KSQ
000700,유수홀딩스,STK
131400,이브이첨단소재,KSQ
228850,레이언스,KSQ
023900,풍국주정,KSQ
195990,에이비프로바이오,KSQ
014160,대영포장,STK
086960,MDS테크,KSQ
082800,비보존 제약,KSQ
263600,덕우전자,KSQ
006910,보성파워텍,KSQ
065660,안트로젠,KSQ
337930,브랜드엑스코퍼레이션,KSQ
003830,대한화섬,STK
012610,경인양행,STK
338840,와이바이오로직스,KSQ
289860,지슨,KNX
012700,리드코프,KSQ
006490,인스코비,STK
162300,신스틸,KSQ
099440,스맥,KSQ
008040,사조동아원,STK
002210,동성제약,STK
003547,대신증권2우B,STK
300120,라온피플,KSQ
419080,엔젯,KSQ
950220,네오이뮨텍,KSQ
090850,현대이지웰,KSQ
036630,세종텔레콤,KSQ
002780,진흥기업,STK
104480,티케이케미칼,KSQ
003650,미창석유,STK
039340,한국경제TV,KSQ
021080,에이티넘인베스트,KSQ
251630,브이원텍,KSQ
011700,한신기계,STK
138080,오이솔루션,KSQ
004970,신라교역,STK
052260,현대바이오랜드,KSQ
019550,SBI인베스트먼트,KSQ
042510,라온시큐어,KSQ
353810,이지바이오,KSQ
060310,3S,KSQ
215360,우리산업,KSQ
037950,엘컴텍,KSQ
002700,신일전자,STK
000180,성창기업지주,STK
072870,메가스터디,KSQ
269620,시스웍,KSQ
047820,초록뱀미디어,KSQ
004830,덕성,STK
009270,신원,STK
058850,KTcs,STK
164060,이루다,KSQ
003720,삼영,STK
070960,용평리조트,STK
124560,태웅로직스,KSQ
264660,씨앤지하이테크,KSQ
140070,서플러스글로벌,KSQ
432470,케이엔에스,KSQ
214330,금호에이치티,STK
391710,코닉오토메이션,KSQ
096630,에스코넥,KSQ
180400,DXVX,KSQ
074430,아미노로직스,KSQ
031440,신세계푸드,STK
089470,HDC현대EP,STK
067900,와이엔텍,KSQ
001045,CJ우,STK
452190,한빛레이저,KSQ
080580,오킨스전자,KSQ
001750,한양증권,STK
206400,베노티앤알,KSQ
293780,압타바이오,KSQ
448710,코츠테크놀로지,KSQ
011690,와이투솔루션,STK
439580,블루엠텍,KSQ
063160,종근당바이오,STK
047400,유니온머티리얼,STK
261780,차백신연구소,KSQ
038390,레드캡투어,KSQ
119850,지엔씨에너지,KSQ
054050,농우바이오,KSQ
005710,대원산업,KSQ
306620,네온테크,KSQ
108380,대양전기공업,KSQ
053580,웹케시,KSQ
079980,휴비스,STK
003460,유화증권,STK
273640,와이엠텍,KSQ
294630,서남,KSQ
071200,인피니트헬스케어,KSQ
008260,NI스틸,STK
086670,비엠티,KSQ
248170,샘표식품,STK
377480,마음AI,KSQ
048910,대원미디어,KSQ
066700,테라젠이텍스,KSQ
017550,수산중공업,STK
026150,특수건설,KSQ
012860,모베이스전자,KSQ
052330,코텍,KSQ
024090,디씨엠,STK
311690,CJ 바이오사이언스,KSQ
332570,와이팜,KSQ
104540,코렌텍,KSQ
061040,알에프텍,KSQ
186230,그린플러스,KSQ
259630,엠플러스,KSQ
018000,유니슨,KSQ
035610,솔본,KSQ
241790,오션브릿지,KSQ
200350,래몽래인,KSQ
120030,조선선재,STK
082850,우리바이오,KSQ
151910,SBW생명과학,KSQ
347890,엠투아이,KSQ
045660,에이텍,KSQ
111380,동인기연,STK
120240,대정화금,KSQ
039980,폴라리스AI,KSQ
260970,에스앤디,KSQ
215090,휴센텍,KSQ
178780,일월지엠엘,KSQ
267320,나인테크,KSQ
008110,대동전자,STK
036710,심텍홀딩스,KSQ
033180,KH 필룩스,STK
148140,비디아이,KSQ
361390,제노코,KSQ
004310,현대약품,STK
017900,광전자,STK
115180,큐리언트,KSQ
105330,케이엔더블유,KSQ
038880,아이에이,KSQ
124500,아이티센,KSQ
217950,파마리서치바이오,KNX
027050,코리아나,KSQ
095190,이엠코리아,KSQ
105550,트루윈,KSQ
208370,셀바스헬스케어,KSQ
023800,인지컨트롤스,STK
251120,바이오에프디엔씨,KSQ
003100,선광,KSQ
100700,세운메디칼,KSQ
003350,한국화장품제조,STK
291230,엔피,KSQ
145210,다이나믹디자인,STK
019440,세아특수강,STK
038680,에스넷,KSQ
187870,디바이스이엔지,KSQ
256630,포인트엔지니어링,KSQ
263800,데이타솔루션,KSQ
396690,미래에셋글로벌리츠,STK
216050,인크로스,KSQ
016740,두올,STK
260870,SK시그넷,KNX
305090,마이크로디지탈,KSQ
355390,크라우드웍스,KSQ
058400,KNN,KSQ
012600,청호ICT,STK
002450,삼익악기,STK
012690,모나리자,STK
294090,이오플로우,KSQ
014470,부방,KSQ
214260,라파스,KSQ
366030,공구우먼,KSQ
053280,예스24,KSQ
357580,아모센스,KSQ
004150,한솔홀딩스,STK
032560,황금에스티,STK
004840,DRB동일,STK
102370,케이옥션,KSQ
054780,키이스트,KSQ
038460,바이오스마트,KSQ
419530,SAMG엔터,KSQ
004140,동방,STK
010040,한국내화,STK
041440,현대에버다임,KSQ
013580,계룡건설,STK
267290,경동도시가스,STK
054670,대한뉴팜,KSQ
232530,이엠티,KNX
053700,삼보모터스,KSQ
052420,오성첨단소재,KSQ
017040,광명전기,STK
049520,유아이엘,KSQ
051160,지어소프트,KSQ
041920,메디아나,KSQ
009070,KCTC,STK
005960,동부건설,STK
111710,남화산업,KSQ
288330,브릿지바이오테라퓨틱스,KSQ
350520,이지스레지던스리츠,STK
180060,탑선,KNX
104620,노랑풍선,KSQ
012170,아센디오,STK
065130,탑엔지니어링,KSQ
053050,지에스이,KSQ
236810,엔비티,KSQ
034590,인천도시가스,STK
417790,트루엔,KSQ
171120,라이온켐텍,KSQ
446540,메가터치,KSQ
056090,이노시스,KSQ
163560,동일고무벨트,STK
359090,씨엔알리서치,KSQ
023000,삼원강재,STK
101930,인화정공,KSQ
263690,디알젬,KSQ
092460,한라IMS,KSQ
382480,지아이텍,KSQ
217190,제너셈,KSQ
023450,동남합성,STK
099750,이지케어텍,KSQ
049960,쎌바이오텍,KSQ
232680,라온테크,KSQ
123690,한국화장품,STK
106190,하이텍팜,KSQ
256940,케이피에스,KSQ
041930,동아화성,KSQ
234300,에스트래픽,KSQ
005870,휴니드,STK
263860,지니언스,KSQ
053450,세코닉스,KSQ
361570,알비더블유,KSQ
066590,우수AMS,KSQ
257370,피엔티엠에스,KSQ
005990,매일홀딩스,KSQ
170030,현대공업,KSQ
040420,정상제이엘에스,KSQ
078140,대봉엘에스,KSQ
368770,파이버프로,KSQ
160600,이큐셀,KSQ
393210,토마토시스템,KSQ
123420,위메이드플레이,KSQ
302430,이노메트리,KSQ
033230,인성정보,KSQ
159580,제로투세븐,KSQ
036120,SCI평가정보,KSQ
066620,국보디자인,KSQ
218150,미래생명자원,KSQ
289080,SV인베스트먼트,KSQ
027830,대성창투,KSQ
054800,아이디스홀딩스,KSQ
036580,팜스코,STK
043220,티에스넥스젠,KSQ
002200,한국수출포장,STK
027580,상보,KSQ
093920,서원인텍,KSQ
175140,인포마크,KSQ
061250,화일약품,KSQ
142210,유니트론텍,KSQ
019590,엠벤처투자,KSQ
033310,엠투엔,KSQ
002600,조흥,STK
443250,레뷰코퍼레이션,KSQ
015590,KIB플러그에너지,STK
007280,한국특강,STK
142760,모아라이프플러스,KSQ
007820,에스엠코어,KSQ
373200,하인크코리아,KSQ
052710,아모텍,KSQ
041590,플래스크,KSQ
321370,센서뷰,KSQ
082210,옵트론텍,KSQ
250060,모비스,KSQ
002720,국제약품,STK
314130,지놈앤컴퍼니,KSQ
067570,엔브이에이치코리아,KSQ
059120,아진엑스텍,KSQ
058630,엠게임,KSQ
330350,위더스제약,KSQ
042500,링네트,KSQ
050110,캠시스,KSQ
004890,동일산업,STK
072020,중앙백신,KSQ
035000,HS애드,STK
073560,우리손에프앤지,KSQ
241840,에이스토리,KSQ
141000,비아트론,KSQ
105760,포스뱅크,KSQ
264900,크라운제과,STK
002460,화성산업,STK
123840,뉴온,KSQ
241520,DSC인베스트먼트,KSQ
408920,메쎄이상,KSQ
093190,빅솔론,KSQ
071670,에이테크솔루션,KSQ
226440,한송네오텍,KSQ
041910,폴라리스AI파마,KSQ
307930,컴퍼니케이,KSQ
052790,액토즈소프트,KSQ
234920,자이글,KSQ
065530,와이어블,KSQ
389140,포바이포,KSQ
293580,나우IB,KSQ
369370,블리츠웨이,KSQ
009300,삼아제약,KSQ
000230,일동홀딩스,STK
065710,서호전기,KSQ
003060,에이프로젠바이오로직스,STK
067370,선바이오,KSQ
059210,메타바이오메드,KSQ
001540,안국약품,KSQ
019010,베뉴지,KSQ
003480,한진중공업홀딩스,STK
055490,테이팩스,STK
078000,텔코웨어,STK
058860,KTis,STK
089790,제이티,KSQ
115160,휴맥스,KSQ
227840,현대코퍼레이션홀딩스,STK
006140,피제이전자,KSQ
032850,비트컴퓨터,KSQ
094850,참좋은여행,KSQ
238090,앤디포스,KSQ
241770,메카로,KSQ
417840,저스템,KSQ
066410,버킷스튜디오,KSQ
011560,세보엠이씨,KSQ
011150,CJ씨푸드,STK
333430,일승,KSQ
403490,우듬지팜,KSQ
225190,삼양옵틱스,KSQ
352090,스톰테크,KSQ
309960,LB인베스트먼트,KSQ
086710,선진뷰티사이언스,KSQ
347000,센코,KSQ
083500,에프엔에스테크,KSQ
060230,소니드,KSQ
078890,가온그룹,KSQ
430690,한싹,KSQ
131030,옵투스제약,KSQ
043260,성호전자,KSQ
053260,금강철강,KSQ
234100,폴라리스세원,KSQ
128660,피제이메탈,KSQ
208140,정다운,KSQ
155650,와이엠씨,KSQ
054040,한국컴퓨터,KSQ
018120,진로발효,KSQ
253840,수젠텍,KSQ
317830,에스피시스템스,KSQ
173130,오파스넷,KSQ
288620,에스퓨얼셀,KSQ
340360,다보링크,KSQ
377030,맥스트,KSQ
009780,엠에스씨,KSQ
153710,옵티팜,KSQ
187420,제노포커스,KSQ
021320,KCC건설,KSQ
396300,세아메카닉스,KSQ
008830,대동기어,KSQ
192250,케이사인,KSQ
452280,한선엔지니어링,KSQ
101140,인바이오젠,STK
067830,세이브존I&C,STK
126880,제이엔케이히터,KSQ
323350,다원넥스뷰,KNX
096775,SK이노베이션우,STK
317770,엑스페릭스,KSQ
069540,빛과전자,KSQ
255220,SG,KSQ
004720,팜젠사이언스,STK
189980,흥국에프엔비,KSQ
043650,국순당,KSQ
199550,레이저옵텍,KSQ
271830,팸텍,KSQ
122310,제노레이,KSQ
226340,본느,KSQ
011300,성안머티리얼스,STK
036090,위지트,KSQ
368600,아이씨에이치,KSQ
407400,꿈비,KSQ
064850,에프앤가이드,KSQ
024880,케이피에프,KSQ
066910,손오공,KSQ
014200,광림,KSQ
420570,제이투케이바이오,KSQ
323280,태성,KSQ
069510,에스텍,KSQ
130580,나이스디앤비,KSQ
950200,소마젠,KSQ
044820,코스맥스비티아이,STK
204840,지엘팜텍,KSQ
088130,동아엘텍,KSQ
067290,JW신약,KSQ
226400,오스테오닉,KSQ
011370,서한,KSQ
000910,유니온,STK
066670,디스플레이텍,KSQ
033830,티비씨,KSQ
127980,화인써키트,KSQ
009410,태영건설,STK
016880,웅진,STK
001380,SG글로벌,STK
417970,모델솔루션,KSQ
351330,이삭엔지니어링,KSQ
352700,씨앤투스,KSQ
308080,바이젠셀,KSQ
158430,아톤,KSQ
036640,HRS,KSQ
347770,핌스,KSQ
048430,유라테크,KSQ
136410,아셈스,KSQ
200230,텔콘RF제약,KSQ
208340,파멥신,KSQ
412350,레이저쎌,KSQ
215100,로보로보,KSQ
032790,엠젠솔루션,KSQ
170790,파이오링크,KSQ
037440,희림,KSQ
222040,코스맥스엔비티,KSQ
288980,모아데이타,KSQ
092440,기신정기,STK
064240,홈캐스트,KSQ
013520,화승코퍼레이션,STK
056730,CNT85,KSQ
352910,오비고,KSQ
039240,경남스틸,KSQ
160550,NEW,KSQ
265560,영화테크,KSQ
009200,무림페이퍼,STK
003610,방림,STK
054920,한컴위드,KSQ
011320,유니크,KSQ
363260,모비데이즈,KSQ
219420,링크제니시스,KSQ
260930,씨티케이,KSQ
360350,코셈,KSQ
005740,크라운해태홀딩스,STK
006740,영풍제지,STK
006880,신송홀딩스,STK
241690,유니테크노,KSQ
020710,시공테크,KSQ
053980,오상자이엘,KSQ
001560,제일연마,STK
086040,바이오톡스텍,KSQ
315640,딥노이드,KSQ
424980,마이크로투나노,KSQ
039860,나노엔텍,KSQ
007590,동방아그로,STK
389470,인벤티지랩,KSQ
094970,제이엠티,KSQ
302550,리메드,KSQ
185490,아이진,KSQ
347740,피엔케이피부임상연구센타,KSQ
263540,어스앤에어로스페이스,KSQ
010170,대한광통신,KSQ
244920,에이플러스에셋,STK
217500,러셀,KSQ
142280,녹십자엠에스,KSQ
099220,SDN,KSQ
008970,동양철관,STK
333620,엔시스,KSQ
002800,신신제약,KSQ
064090,웨스트라이즈,KSQ
010470,오리콤,KSQ
023810,인팩,STK
448900,한국피아이엠,KNX
025550,한국선재,KSQ
080000,에스엔유,KSQ
016090,대현,STK
043910,자연과환경,KSQ
109860,동일금속,KSQ
003780,진양산업,STK
012790,신일제약,KSQ
004650,창해에탄올,KSQ
033540,파라텍,KSQ
196300,애니젠,KSQ
007980,태평양물산,STK
005800,신영와코루,STK
950110,SBI핀테크솔루션즈,KSQ
004060,SG세계물산,STK
006090,사조오양,STK
066310,큐에스아이,KSQ
041650,상신브레이크,STK
090410,덕신이피씨,KSQ
205500,액션스퀘어,KSQ
024910,경창산업,KSQ
276730,제주맥주,KSQ
339950,아이비김영,KSQ
041520,이라이콤,KSQ
270870,뉴트리,KSQ
348350,위드텍,KSQ
105740,디케이락,KSQ
222810,세토피아,KSQ
031820,콤텍시스템,STK
314140,알피바이오,KSQ
383930,디티앤씨알오,KSQ
010960,삼호개발,STK
330730,스톤브릿지벤처스,KSQ
354200,엔젠바이오,KSQ
040350,큐로컴,KSQ
294140,레몬,KSQ
115500,케이씨에스,KSQ
057680,티사이언티픽,KSQ
037330,인지디스플레,KSQ
036670,KCI,KSQ
065650,메디프론,KSQ
013870,지엠비코리아,STK
010660,화천기계,STK
237820,플레이디,KSQ
129920,대성하이텍,KSQ
007110,일신석재,STK
059270,해성티피씨,KSQ
263050,유틸렉스,KSQ
003925,남양유업우,STK
101390,아이엠,KSQ
009190,대양금속,STK
032540,TJ미디어,KSQ
303530,이노뎁,KSQ
147830,제룡산업,KSQ
033320,제이씨현시스템,KSQ
004540,깨끗한나라,STK
034300,신세계건설,STK
276040,스코넥,KSQ
100840,SNT에너지,STK
222160,NPX,KSQ
119650,KC코트렐,STK
064480,브리지텍,KSQ
187660,에이디엠코리아,KSQ
308170,씨티알모빌리티,STK
017480,삼현철강,KSQ
338100,NH프라임리츠,STK
201490,미투온,KSQ
054930,유신,KSQ
098120,마이크로컨텍솔,KSQ
064520,테크엘,KSQ
038870,에코바이오,KSQ
039290,인포뱅크,KSQ
087260,모바일어플라이언스,KSQ
002140,고려산업,STK
33626K,두산퓨얼셀1우,STK
171010,램테크놀러지,KSQ
065950,웰크론,KSQ
163730,핑거,KSQ
357250,미래에셋맵스리츠,STK
322180,티라유텍,KSQ
049180,셀루메드,KSQ
000220,유유제약,STK
376930,노을,KSQ
004910,조광페인트,STK
053290,NE능률,KSQ
095270,웨이브일렉트로,KSQ
024800,유성티엔에스,KSQ
168330,내츄럴엔도텍,KSQ
006370,대구백화점,STK
220180,핸디소프트,KSQ
290090,트윔,KSQ
038070,서린바이오,KSQ
123570,이엠넷,KSQ
069460,대호에이엘,STK
046120,오르비텍,KSQ
212560,네오오토,KSQ
021820,세원정공,STK
097800,윈팩,KSQ
246720,아스타,KSQ
347860,알체라,KSQ
260660,알리코제약,KSQ
053160,프리엠스,KSQ
049480,오픈베이스,KSQ
134580,탑코미디어,KSQ
025440,DH오토웨어,KSQ
018500,동원금속,STK
263700,케어랩스,KSQ
001290,상상인증권,STK
068050,팬엔터테인먼트,KSQ
101170,우림피티에스,KSQ
100590,머큐리,KSQ
284620,카이노스메드,KSQ
049430,코메론,KSQ
434480,모니터랩,KSQ
103840,우양,KSQ
024840,KBI메탈,KSQ
365330,에스와이스틸텍,KSQ
301300,바이브컴퍼니,KSQ
189690,포시에스,KSQ
101330,모베이스,KSQ
092300,현우산업,KSQ
239340,줌인터넷,KSQ
357430,마스턴프리미어리츠,STK
041460,한국전자인증,KSQ
296160,프로젠,KNX
242040,나무기술,KSQ
009810,플레이그램,STK
053270,구영테크,KSQ
442900,미래에셋드림스팩1호,KSQ
216400,인바이츠바이오코아,KNX
250000,보라티알,KSQ
224110,에이텍모빌리티,KSQ
327610,펨토바이오메드,KNX
014790,HL D&I,STK
900340,윙입푸드,KSQ
150900,파수,KSQ
075180,새론오토모티브,STK
015710,코콤,KSQ
239610,에이치엘사이언스,KSQ
321260,프로이천,KSQ
063440,SM Life Design,KSQ
006660,삼성공조,STK
290740,액트로,KSQ
204610,티쓰리,KSQ
017650,대림제지,KSQ
024740,한일단조,KSQ
137080,나래나노텍,KSQ
002360,SH에너지화학,STK
118000,에스메디,STK
225220,제놀루션,KSQ
290720,푸드나무,KSQ
096350,대창솔루션,KSQ
039830,오로라,KSQ
000590,CS홀딩스,STK
004960,한신공영,STK
004770,써니전자,STK
378850,화승알앤에이,STK
049550,잉크테크,KSQ
450520,인스웨이브시스템즈,KSQ
327260,RF머트리얼즈,KSQ
111110,호전실업,STK
004100,태양금속,STK
03473K,SK우,STK
014570,고려제약,KSQ
009730,이렘,KSQ
081150,티플랙스,KSQ
033130,디지틀조선,KSQ
318410,비비씨,KSQ
052220,iMBC,KSQ
000105,유한양행우,STK
013700,까뮤이앤씨,STK
440290,HB인베스트먼트,KSQ
084180,수성웹툰,KSQ
042110,에스씨디,KSQ
083660,CSA 코스믹,KSQ
037370,EG,KSQ
175250,아이큐어,KSQ
122350,삼기,KSQ
258610,케일럼,KSQ
052900,KX하이텍,KSQ
094840,슈프리마에이치큐,KSQ
102280,쌍방울,STK
051490,나라엠앤디,KSQ
306040,에스제이그룹,KSQ
017180,명문제약,STK
317850,대모,KSQ
024890,대원화성,STK
265740,엔에프씨,KSQ
214270,FSN,KSQ
348030,모비릭스,KSQ
044060,조광ILI,KSQ
355150,코스텍시스,KSQ
109960,AP헬스케어,KSQ
106080,하이소닉,KSQ
004450,삼화왕관,STK
376180,피코그램,KSQ
002920,유성기업,STK
311390,네오크레마,KSQ
139670,키네마스터,KSQ
115310,인포바인,KSQ
240600,유진테크놀로지,KSQ
002230,피에스텍,KSQ
085310,엔케이,STK
003010,혜인,STK
011230,삼화전자,STK
027740,마니커,STK
052770,아이톡시,KSQ
307180,아이엘사이언스,KSQ
071090,하이스틸,STK
274400,이노시뮬레이션,KSQ
009320,대우부품,STK
214610,미코바이오메드,KSQ
072990,에이치시티,KSQ
115440,우리넷,KSQ
097780,에코볼트,KSQ
227950,엔투텍,KSQ
277070,린드먼아시아,KSQ
042040,케이피엠테크,KSQ
000890,보해양조,STK
014440,영보화학,STK
348080,큐라티스,KSQ
088910,동우팜투테이블,KSQ
002795,아모레G우,STK
336060,웨이버스,KSQ
122690,서진오토모티브,KSQ
002760,보락,STK
087600,픽셀플러스,KSQ
060850,영림원소프트랩,KSQ
066900,디에이피,KSQ
072470,우리산업홀딩스,KSQ
023440,제이스코홀딩스,KSQ
129260,인터지스,STK
024950,삼천리자전거,KSQ
057030,YBM넷,KSQ
320000,윈텍,KSQ
010240,흥국,KSQ
058730,다스코,STK
000650,천일고속,STK
001550,조비,STK
050960,수산아이앤티,KSQ
307280,원바이오젠,KSQ
023460,CNH,KSQ
438700,버넥트,KSQ
000850,화천기공,STK
080530,코디,KSQ
025560,미래산업,STK
376980,원티드랩,KSQ
067920,이글루,KSQ
189330,씨이랩,KSQ
053350,이니텍,KSQ
238490,힘스,KSQ
241820,피씨엘,KSQ
148930,에이치와이티씨,KSQ
096690,에이루트,KSQ
021050,서원,STK
155660,DSR,STK
004270,남성,STK
005750,대림B&Co,STK
002220,한일철강,STK
078935,GS우,STK
419120,산돌,KSQ
413640,비아이매트릭스,KSQ
044960,이글벳,KSQ
007370,진양제약,KSQ
214870,뉴지랩파마,KSQ
277410,인산가,KSQ
303030,지니틱스,KSQ
254120,자비스,KSQ
004780,대륙제관,KSQ
001620,케이비아이동국실업,STK
032680,소프트센,KSQ
049080,기가레인,KSQ
309930,오하임앤컴퍼니,KSQ
173940,에프엔씨엔터,KSQ
004410,서울식품,STK
012210,삼미금속,KNX
013360,일성건설,STK
004590,한국가구,KSQ
032940,원익,KSQ
094940,푸른기술,KSQ
089850,유비벨록스,KSQ
238120,얼라인드,KSQ
322780,코퍼스코리아,KSQ
019180,티에이치엔,STK
002630,오리엔트바이오,STK
223250,드림씨아이에스,KSQ
900100,애머릿지,KSQ
069640,한세엠케이,STK
318000,KBG,KSQ
456570,아이엠지티,KNX
000157,두산2우B,STK
067170,오텍,KSQ
075970,동국알앤에스,KSQ
073640,테라사이언스,KSQ
013810,스페코,KSQ
069920,아이에스이커머스,KSQ
046390,삼화네트웍스,KSQ
047770,코데즈컴바인,KSQ
100220,비상교육,STK
009770,삼정펄프,STK
263770,유에스티,KSQ
128540,에코캡,KSQ
352770,클리노믹스,KSQ
009180,한솔로지스틱스,STK
138070,신진에스엠,KSQ
038010,제일테크노스,KSQ
010640,진양폴리,STK
046970,우리로,KSQ
104200,NHN벅스,KSQ
097870,효성오앤비,KSQ
019540,일지테크,KSQ
053620,태양,KSQ
129890,앱코,KSQ
066130,하츠,KSQ
022220,TKG애강,KSQ
001275,부국증권우,STK
417180,핑거스토리,KSQ
090080,평화산업,STK
039420,케이엘넷,KSQ
003310,대주산업,KSQ
273060,와이즈버즈,KSQ
143210,핸즈코퍼레이션,STK
222110,팬젠,KSQ
226360,KH 건설,KSQ
317690,퀀타매트릭스,KSQ
008870,금비,STK
052670,제일바이오,KSQ
353590,오토앤,KSQ
033200,모아텍,KSQ
037230,한국팩키지,KSQ
377220,프롬바이오,KSQ
043340,에쎈테크,KSQ
026940,부국철강,STK
256150,한독크린텍,KSQ
025750,한솔홈데코,STK
011420,갤럭시아에스엠,STK
006980,우성,STK
279600,미디어젠,KSQ
405920,나라셀라,KSQ
068100,케이웨더,KSQ
014190,원익큐브,KSQ
037350,성도이엔지,KSQ
001260,남광토건,STK
008250,이건산업,STK
134790,시디즈,STK
069730,DSR제강,STK
007680,대원,KSQ
013720,CBI,KSQ
003560,IHQ,STK
147760,피엠티,KSQ
099390,브레인즈컴퍼니,KSQ
017510,세명전기,KSQ
307870,비투엔,KSQ
285800,진영,KSQ
120115,코오롱인더우,STK
246960,이노테라피,KSQ
024830,세원물산,KSQ
068330,일신바이오,KSQ
092780,동양피스톤,STK
389030,지니너스,KSQ
099520,ITX-AI,KSQ
003080,성보화학,STK
049120,파인디앤씨,KSQ
100030,인지소프트,KSQ
089530,에이티세미콘,KSQ
023350,한국종합기술,STK
056360,코위버,KSQ
004920,씨아이테크,STK
014710,사조씨푸드,STK
33637K,솔루스첨단소재1우,STK
204020,그리티,KSQ
245620,EDGC,KSQ
033560,블루콤,KSQ
008420,문배철강,STK
062860,티엘아이,KSQ
056700,신화인터텍,KSQ
088280,쏘닉스,KSQ
290380,대유,KSQ
388790,라이콤,KSQ
340930,유일에너테크,KSQ
452300,캡스톤파트너스,KSQ
036170,클라우드에어,KSQ
023770,플레이위드,KSQ
198440,고려시멘트,KSQ
051380,피씨디렉트,KSQ
299170,더블유에스아이,KSQ
057540,옴니시스템,KSQ
051630,진양화학,STK
039010,현대에이치티,KSQ
004440,삼일씨엔에스,STK
354390,바스칸바이오제약,KNX
140610,엔솔바이오사이언스,KNX
304840,피플바이오,KSQ
367000,플래티어,KSQ
032580,피델릭스,KSQ
162120,루켄테크놀러지스,KNX
440320,오픈놀,KSQ
052300,씨티프라퍼티,KSQ
011390,부산산업,STK
263810,상신전자,KSQ
060540,에스에이티,KSQ
006805,미래에셋증권우,STK
377330,이지트로닉스,KSQ
465770,STX그린로지스,STK
198080,엔피디,KSQ
197140,디지캡,KSQ
016600,큐캐피탈,KSQ
091590,남화토건,KSQ
28513K,SK케미칼우,STK
091090,세원이앤씨,STK
025530,SJM홀딩스,STK
217480,에스디생명공학,KSQ
355690,에이텀,KSQ
019990,에너토크,KSQ
002880,대유에이텍,STK
100660,서암기계공업,KSQ
181340,이즈미디어,KSQ
332290,누보,KSQ
200780,비씨월드제약,KSQ
123700,SJM,STK
020760,일진디스플,STK
018700,바른손,KSQ
007610,선도전기,STK
049800,우진플라임,STK
227610,아우딘퓨쳐스,KSQ
014130,한익스프레스,STK
014970,삼륭물산,KSQ
337840,유엑스엔,KNX
080010,이상네트웍스,KSQ
049630,재영솔루텍,KSQ
133750,메가엠디,KSQ
318010,팜스빌,KSQ
114630,폴라리스우노,KSQ
376290,씨유테크,KSQ
009835,한화솔루션우,STK
037030,파워넷,KSQ
391060,엔에이치스팩20호,KSQ
040610,SG&G,KSQ
373170,엠아이큐브솔루션,KSQ
263920,휴엠앤씨,KSQ
009440,KC그린홀딩스,STK
153490,우리이앤엘,KSQ
446070,유니드비티플러스,STK
053590,한국테크놀로지,KSQ
048770,TPC,KSQ
169330,엠브레인,KSQ
298060,에스씨엠생명과학,KSQ
039610,화성밸브,KSQ
102950,아하,KNX
418250,시큐레터,KSQ
340810,씨유박스,KSQ
005305,롯데칠성우,STK
000725,현대건설우,STK
246690,TS인베스트먼트,KSQ
290520,신도기연,KSQ
299660,셀리드,KSQ
126640,화신정공,KSQ
196450,코아시아씨엠,KSQ
019175,신풍제약우,STK
031310,아이즈비전,KSQ
073110,엘엠에스,KSQ
052600,한네트,KSQ
039020,이건홀딩스,KSQ
036180,지더블유바이텍,KSQ
096610,알에프세미,KSQ
001840,이화공영,KSQ
037760,쎄니트,KSQ
045060,오공,KSQ
343090,HLB사이언스,KNX
038620,위즈코프,KSQ
054540,삼영엠텍,KSQ
140520,대창스틸,KSQ
014990,인디에프,STK
024120,KB오토시스,KSQ
005360,모나미,STK
007530,와이엠,KSQ
038060,루멘스,KSQ
109820,진매트릭스,KSQ
049830,승일,KSQ
335810,프리시젼바이오,KSQ
127120,디엔에이링크,KSQ
046940,우원개발,KSQ
007720,대명소노시즌,KSQ
199730,바이오인프라,KSQ
012160,영흥,STK
015260,에이엔피,STK
090150,아이윈,KSQ
080520,오디텍,KSQ
115610,이미지스,KSQ
083550,케이엠,KSQ
109080,옵티시스,KSQ
008370,원풍,KSQ
222980,한국맥널티,KSQ
066360,체리부로,KSQ
221980,케이디켐,KSQ
016250,SGC E&C,KSQ
415380,스튜디오삼익,KSQ
010600,웰바이오텍,STK
034940,조아제약,KSQ
110020,전진바이오팜,KSQ
378800,샤페론,KSQ
177830,파버나인,KSQ
058450,엔터파트너즈,KSQ
900310,컬러레이,KSQ
021880,메이슨캐피탈,KSQ
023960,에쓰씨엔지니어링,STK
210120,빅텐츠,KSQ
405000,플라즈맵,KSQ
009460,한창제지,STK
267790,배럴,KSQ
050860,아세아텍,KSQ
131100,티엔엔터테인먼트,KSQ
012200,계양전기,STK
37550L,DL이앤씨2우(전환),STK
195500,마니커에프앤지,KSQ
222420,쎄노텍,KSQ
065370,위세아이텍,KSQ
417860,오브젠,KSQ
010280,쌍용정보통신,KSQ
145270,케이탑리츠,STK
004870,티웨이홀딩스,STK
278990,EMB,KNX
069410,엔텔스,KSQ
052860,아이앤씨,KSQ
047080,한빛소프트,KSQ
042940,상지건설,KSQ
351320,에스에이티이엔지,KSQ
363250,진시스템,KSQ
076080,웰크론한텍,KSQ
419540,비스토스,KSQ
002420,세기상사,STK
016100,리더스코스메틱,KSQ
052460,아이크래프트,KSQ
328380,솔트웨어,KSQ
340440,세림B&G,KSQ
101000,상상인인더스트리,KSQ
187270,신화콘텍,KSQ
290120,DH오토리드,KSQ
065440,이루온,KSQ
088290,이원컴포텍,KSQ
289010,아이스크림에듀,KSQ
078590,휴림에이텍,KSQ
005670,푸드웰,KSQ
228340,동양파일,KSQ
089150,케이씨티,KSQ
290660,네오펙트,KSQ
007770,한일화학,KSQ
065060,지엔코,KSQ
203450,유니온커뮤니티,KSQ
036690,코맥스,KSQ
153460,네이블,KSQ
002290,삼일기업공사,KSQ
208640,썸에이지,KSQ
023150,MH에탄올,STK
332370,아이디피,KSQ
448740,삼성스팩8호,KSQ
357880,비트나인,KSQ
072950,빛샘전자,KSQ
101240,씨큐브,KSQ
035620,바른손이앤에이,KSQ
189860,서전기전,KSQ
028080,휴맥스홀딩스,KSQ
313760,윌링스,KSQ
085910,네오티스,KSQ
038950,파인디지털,KSQ
080720,한국유니온제약,KSQ
006570,대림통상,STK
012280,영화금속,STK
054300,팬스타엔터프라이즈,KSQ
291650,압타머사이언스,KSQ
072130,유엔젤,STK
356890,싸이버원,KSQ
090370,메타랩스,STK
193250,와이제이엠게임즈,KSQ
010770,평화홀딩스,STK
187220,디티앤씨,KSQ
127710,아시아경제,KSQ
290270,휴네시온,KSQ
131220,대한과학,KSQ
362990,드림인사이트,KSQ
065500,오리엔트정공,KSQ
005820,원림,STK
021040,대호특수강,KSQ
297570,알로이스,KSQ
032960,동일기연,KSQ
051780,큐로홀딩스,KSQ
058110,멕아이씨에스,KSQ
221800,유투바이오,KSQ
435620,하나금융25호스팩,KSQ
032750,삼진,KSQ
053950,경남제약,KSQ
130500,GH신소재,KSQ
046310,백금T&A,KSQ
006200,한국전자홀딩스,STK
229000,젠큐릭스,KSQ
065570,삼영이엔씨,KSQ
000215,DL우,STK
406820,뷰티스킨,KSQ
036000,예림당,KSQ
221840,하이즈항공,KSQ
286750,나노브릭,KSQ
006125,SK디스커버리우,STK
020180,대신정보통신,KSQ
184230,SGA솔루션즈,KSQ
119500,포메탈,KSQ
065170,비엘팜텍,KSQ
092600,앤씨앤,KSQ
238200,비피도,KSQ
148780,비플라이소프트,KSQ
045510,정원엔시스,KSQ
111870,KH 전자,KSQ
267080,세븐브로이맥주,KNX
368970,오에스피,KSQ
198940,한주라이트메탈,KSQ
200580,메디쎄이,KNX
045520,크린앤사이언스,KSQ
045340,토탈소프트,KSQ
019770,서연탑메탈,KSQ
083470,이엠앤아이,KSQ
025880,케이씨피드,KSQ
131090,시큐브,KSQ
051390,YW,KSQ
024940,PN풍년,KSQ
031510,오스템,KSQ
219750,지티지웰니스,KSQ
353190,휴럼,KSQ
263020,디케이앤디,KSQ
429270,시지트로닉스,KSQ
021650,한국큐빅,KSQ
013000,세우글로벌,STK
247660,나노씨엠에스,KSQ
005320,국동,STK
312610,에이에프더블류,KSQ
079000,와토스코리아,KSQ
318160,셀바이오휴먼텍,KSQ
099410,동방선기,KSQ
067010,이씨에스,KSQ
089230,THE E&M,KSQ
900110,이스트아시아홀딩스,KSQ
317120,라닉스,KSQ
036480,대성미생물,KSQ
133820,화인베스틸,STK
176590,코나솔,KNX
000760,이화산업,STK
163430,디피코,KNX
219550,디와이디,KSQ
408900,스튜디오미르,KSQ
040160,누리플렉스,KSQ
243870,굿센,KNX
033250,체시스,STK
079170,한창산업,KSQ
003465,유화증권우,STK
012340,뉴인텍,KSQ
006050,국영지앤엠,KSQ
060240,룽투코리아,KSQ
331380,포커스에이치엔에스,KSQ
006920,모헨즈,KSQ
054180,메디콕스,KSQ
018680,서울제약,KSQ
009620,삼보산업,KSQ
005030,부산주공,STK
237750,피앤씨테크,KSQ
169670,코스텍시스템,KNX
016920,카스,KSQ
208710,바이오로그디바이스,KSQ
146060,율촌,KSQ
331520,밸로프,KSQ
143540,영우디에스피,KSQ
089140,넥스턴바이오,KSQ
403360,라피치,KNX
048470,대동스틸,KSQ
084870,TBH글로벌,STK
060380,동양에스텍,KSQ
246250,에스엘에스바이오,KSQ
262840,아이퀘스트,KSQ
117670,알파홀딩스,KSQ
014100,메디앙스,KSQ
009310,참엔지니어링,STK
002690,동일제강,STK
452980,신한제11호스팩,KSQ
093240,형지엘리트,STK
075130,플랜티넷,KSQ
206950,볼빅,KNX
252500,세화피앤씨,KSQ
095910,에스에너지,KSQ
003535,한화투자증권우,STK
114450,그린생명과학,KSQ
456190,큐라켐,KNX
296640,이노룰스,KSQ
012620,원일특강,KSQ
019570,리더스 기술투자,KSQ
290560,신시웨이,KSQ
024070,WISCOM,STK
037400,우리엔터프라이즈,KSQ
008470,부스타,KSQ
37550K,DL이앤씨우,STK
001810,무림SP,KSQ
039310,세중,KSQ
121850,코이즈,KSQ
303360,프로티아,KSQ
032980,바이온,KSQ
059100,아이컴포넌트,KSQ
341170,퓨쳐메디신,KNX
045300,성우테크론,KSQ
093380,풍강,KSQ
003475,유안타증권우,STK
094860,네오리진,KSQ
177350,베셀,KSQ
115480,씨유메디칼,KSQ
439250,삼성스팩7호,KSQ
001070,대한방직,STK
380540,옵티코어,KSQ
083640,인콘,KSQ
311960,에이아이더뉴트리진,KNX
192390,윈하이텍,KSQ
317240,TS트릴리온,KSQ
196490,디에이테크놀로지,KSQ
002410,범양건영,STK
076610,해성옵틱스,KSQ
019490,하이트론,STK
190650,코리아에셋투자증권,KSQ
035460,기산텔레콤,KSQ
000950,전방,STK
001465,BYC우,STK
017000,신원종합개발,KSQ
038340,MIT,KSQ
148250,알엔투테크놀로지,KSQ
191600,블루탑,KNX
009140,경인전자,STK
084670,동양고속,STK
291810,핀텔,KSQ
434190,탈로스,KNX
333050,모코엠시스,KSQ
010400,우진아이엔에스,STK
086060,진바이오텍,KSQ
123010,아이윈플러스,KSQ
032800,판타지오,KSQ
030350,드래곤플라이,KSQ
101400,엔시트론,KSQ
044480,블레이드 Ent,KSQ
001000,신라섬유,KSQ
131760,파인텍,KSQ
215480,토박스코리아,KSQ
008775,호텔신라우,STK
365900,브이씨,KSQ
008600,윌비스,STK
258790,소프트캠프,KSQ
372800,아이티아이즈,KSQ
060900,DGP,KSQ
900120,씨엑스아이,KSQ
058530,파나케이아,KSQ
299910,베스파,KSQ
001140,국보,STK
025870,신라에스지,KSQ
080470,성창오토텍,KSQ
137940,넥스트아이,KSQ
026040,제이에스티나,KSQ
081580,성우전자,KSQ
043090,더테크놀로지,KSQ
014910,성문전자,STK
007120,미래아이앤지,STK
050120,ES큐브,KSQ
302920,더콘텐츠온,KNX
054090,삼진엘앤디,KSQ
002820,SUN&L,STK
018620,우진비앤지,KSQ
187790,나노,KSQ
424760,벨로크,KSQ
071850,캐스텍코리아,KSQ
000040,KR모터스,STK
035200,프럼파스트,KSQ
015020,이스타코,STK
204210,스타리츠,STK
001420,태원물산,STK
900260,로스웰,KSQ
073190,듀오백,KSQ
038530,케이바이오,KSQ
215790,이노인스트루먼트,KSQ
003680,한성기업,STK
347700,라이프시맨틱스,KSQ
104040,대성파인텍,KSQ
352940,인바이오,KSQ
033050,제이엠아이,KSQ
113810,디젠스,KSQ
082660,코스나인,KSQ
032080,아즈텍WB,KSQ
208350,지란지교시큐리티,KSQ
000300,대유플러스,STK
131180,딜리,KSQ
317530,캐리소프트,KSQ
067730,로지시스,KSQ
002070,비비안,STK
331920,셀레믹스,KSQ
212310,오건에코텍,KNX
402420,켈스,KNX
138360,협진,KSQ
103230,에스앤더블류,KSQ
068940,셀피글로벌,KSQ
227420,도부마스크,KNX
019685,대교우B,STK
311060,엘에이티,KNX
079190,케스피온,KSQ
002870,신풍,STK
232830,시큐센,KSQ
006380,카프로,STK
088790,진도,STK
011090,에넥스,STK
043590,웰킵스하이텍,KSQ
072520,제넨바이오,KSQ
451700,엔에이치스팩29호,KSQ
049470,SGA,KSQ
310870,디와이씨,KSQ
085810,알티캐스트,KSQ
043100,솔고바이오,KSQ
079650,서산,KSQ
032280,삼일,KSQ
025620,제이준코스메틱,STK
048830,엔피케이,KSQ
002680,한탑,KSQ
00499K,롯데지주우,STK
121890,에스디시스템,KSQ
001210,금호전기,STK
086220,광동헬스바이오,KNX
019660,글로본,KSQ
152550,한국ANKOR유전,STK
044780,에이치케이,KSQ
060480,국일신동,KSQ
044380,주연테크,STK
323230,엠에프엠코리아,KSQ
043710,서울리거,KSQ
030720,동원수산,STK
154030,아시아종묘,KSQ
025890,한국주강,STK
225590,패션플랫폼,KSQ
004365,세방우,STK
344860,이노진,KSQ
308100,까스텔바작,KSQ
054940,엑사이엔씨,KSQ
419700,이브이파킹서비스,KNX
050760,에스폴리텍,KSQ
043200,파루,KSQ
017250,인터엠,KSQ
054410,케이피티유,KSQ
063760,이엘피,KSQ
020400,대동금속,KSQ
257990,나우코스,KNX
224060,더코디,KSQ
130740,티피씨글로벌,KSQ
154040,다산솔루에타,KSQ
335870,윙스풋,KSQ
091340,S&K폴리텍,KSQ
098660,에스티오,KSQ
027040,서울전자통신,KSQ
33637L,솔루스첨단소재2우B,STK
003495,대한항공우,STK
413630,유진스팩8호,KSQ
377460,위니아에이드,KSQ
900270,헝셩그룹,KSQ
076340,관악산업,KNX
464680,KB제27호스팩,KSQ
008290,원풍물산,KSQ
223310,딥마인드,KSQ
035290,골드앤에스,KSQ
275630,에스에스알,KSQ
079950,인베니아,KSQ
123750,알톤,KSQ
010420,한솔PNS,STK
208860,엔지스테크널러지,KSQ
188260,세니젠,KSQ
159910,스킨앤스킨,KSQ
361670,삼영에스앤씨,KSQ
436530,케이비제22호스팩,KSQ
196700,웹스,KSQ
207490,에이펙스인텍,KNX
900300,오가닉티코스메틱,KSQ
33626L,두산퓨얼셀2우B,STK
233250,메디안디노스틱,KNX
139050,BF랩스,KSQ
033790,스카이문스테크놀로지,KSQ
039740,한국정보공학,KSQ
191410,육일씨엔에쓰,KSQ
238500,로보쓰리에이아이,KNX
336040,타스컴,KNX
322970,무진메디,KNX
379390,이성씨엔아이,KNX
079970,투비소프트,KSQ
900070,글로벌에스엠,KSQ
091970,나노캠텍,KSQ
053060,세동,KSQ
149010,아이케이세미콘,KNX
054220,비츠로시스,KSQ
134060,이퓨쳐,KSQ
005110,한창,STK
223220,로지스몬,KNX
001685,대상우,STK
123330,제닉,KSQ
065770,CS,KSQ
084440,유비온,KSQ
005257,녹십자홀딩스2우,STK
258830,세종메디칼,KSQ
225430,케이엠제약,KSQ
250930,예선테크,KSQ
446440,에피바이오텍,KNX
215380,우정바이오,KSQ
060260,뉴보텍,KSQ
214310,에스엘에너지,KSQ
067770,세진티에스,KSQ
179530,애드바이오텍,KSQ
468510,삼성스팩9호,KSQ
070300,엑스큐어,KSQ
419270,신영스팩7호,KSQ
052960,태양3C,KNX
001770,SHD,STK
115570,스타플렉스,KSQ
016670,디모아,KSQ
071460,위니아,KSQ
011080,형지I&C,KSQ
217620,디딤이앤에프,KSQ
002355,넥센타이어1우B,STK
279060,이노벡스,KNX
115530,씨엔플러스,KSQ
230980,비유테크놀러지,KSQ
227100,에이치앤비디자인,KSQ
062970,피피아이,KSQ
217880,틸론,KNX
456700,길교이앤씨,KNX
070590,한솔인티큐브,KSQ
066430,와이오엠,KSQ
031860,에스유홀딩스,KSQ
106240,파인테크닉스,KSQ
073540,에프알텍,KSQ
108675,LX하우시스우,STK
026910,광진실업,KSQ
043360,디지아이,KSQ
096870,엘디티,KSQ
050090,비케이홀딩스,KSQ
900280,골든센츄리,KSQ
168490,한국패러랠,STK
199150,데이터스트림즈,KNX
317860,노드메이슨,KNX
449020,유안타제13호스팩,KSQ
101680,한국정밀기계,KSQ
35320K,대덕전자1우,STK
007815,코리아써우,STK
405640,신한제9호스팩,KSQ
192410,휴림네트웍스,KSQ
030790,비케이탑스,STK
457630,대신밸런스제16호스팩,KSQ
388610,지에프씨생명과학,KNX
008500,일정실업,STK
204630,스튜디오산타클로스,KSQ
078860,아이오케이,KSQ
023790,동일철강,KSQ
430230,하나금융24호스팩,KSQ
069140,누리플랜,KSQ
224760,엔에스컴퍼니,KNX
466910,엔에이치스팩30호,KSQ
065420,에스아이리소스,KSQ
222670,플럼라인생명과학,KNX
065150,대산F&B,KSQ
439410,엔에이치스팩26호,KSQ
069330,유아이디,KSQ
001795,대한제당우,STK
000087,하이트진로2우B,STK
202960,판도라티비,KNX
244880,나눔테크,KNX
004835,덕성우,STK
149300,아퓨어스,KNX
084695,대상홀딩스우,STK
430220,신영스팩8호,KSQ
236340,메디젠휴먼케어,KNX
000075,삼양홀딩스우,STK
065690,파커스,KSQ
440820,엔에이치스팩27호,KSQ
424140,케이비제21호스팩,KSQ
421800,교보12호스팩,KSQ
106520,노블엠앤비,KSQ
406760,하나금융21호스팩,KSQ
457390,대신밸런스제15호스팩,KSQ
442310,대신밸런스제14호스팩,KSQ
244460,올리패스,KSQ
253610,루트락,KNX
044180,KD,KSQ
422040,엔에이치스팩23호,KSQ
251280,안지오랩,KNX
179720,머니무브,KNX
393360,신한제8호스팩,KSQ
469880,하나30호스팩,KSQ
000885,한화우,STK
454750,하나28호스팩,KSQ
254160,제이엠멀티,KNX
331660,한국미라클피플사,KNX
341310,이앤에치,KNX
45014K,코오롱모빌리티그룹우,STK
286000,씨엔티드림,KNX
004255,NPC우,STK
473050,유안타제15호스팩,KSQ
071950,코아스,STK
208850,이비테크,KNX
140910,에이리츠,STK
002025,코오롱우,STK
471050,대신밸런스제17호스팩,KSQ
436610,한국제11호스팩,KSQ
004105,태양금속우,STK
458320,KB제26호스팩,KSQ
412930,미래에셋비전스팩1호,KSQ
199290,바이오프로테크,KNX
418170,하나금융22호스팩,KSQ
38380K,LX홀딩스1우,STK
446750,하나26호스팩,KSQ
18064K,한진칼우,STK
250030,진코스텍,KNX
430460,한화플러스제3호스팩,KSQ
351020,미쥬,KNX
438220,대신밸런스제13호스팩,KSQ
006345,대원전선우,STK
054630,에이디칩스,KSQ
446840,키움제8호스팩,KSQ
258250,셀젠텍,KNX
234070,에이원알폼,KNX
430700,유안타제9호스팩,KSQ
435380,유안타제10호스팩,KSQ
001067,JW중외제약2우B,STK
425290,삼성스팩6호,KSQ
445970,신영스팩9호,KSQ
289170,바이오텐,KNX
388800,유진스팩7호,KSQ
448830,미래에셋비전스팩3호,KSQ
346010,타이드,KNX
178600,대동고려삼,KNX
086460,큐러블,KNX
448370,하나27호스팩,KSQ
296520,가이아코퍼레이션,KNX
456440,DB금융스팩11호,KSQ
469900,하나31호스팩,KSQ
454640,하나29호스팩,KSQ
174880,장원테크,KSQ
474660,신한제12호스팩,KSQ
03481K,해성산업1우,KSQ
000225,유유제약1우,STK
455910,에스케이증권제9호스팩,KSQ
185190,수프로,KNX
415580,상상인제3호스팩,KSQ
005725,넥센우,STK
046070,코다코,KSQ
448760,IBKS제22호스팩,KSQ
439730,IBKS제20호스팩,KSQ
444920,유안타제11호스팩,KSQ
390110,애니메디솔루션,KNX
446190,미래에셋비전스팩2호,KSQ
437780,엔에이치스팩24호,KSQ
450050,하이제8호스팩,KSQ
058220,아리온,KSQ
112190,KC산업,KNX
400840,하이제7호스팩,KSQ
093510,엔지브이아이,KNX
442770,IBKS제21호스팩,KSQ
452670,상상인제4호스팩,KSQ
455310,한화플러스제4호스팩,KSQ
145995,삼양사우,STK
066830,제노텍,KNX
116100,태양기계,KNX
472220,신영스팩10호,KSQ
001065,JW중외제약우,STK
446150,유안타제12호스팩,KSQ
224810,엄지하우스,KNX
299670,에스엠비나,KNX
103660,씨앗,KNX
455250,KB제25호스팩,KSQ
467930,IBKS제23호스팩,KSQ
450940,유안타제14호스팩,KSQ
003075,코오롱글로벌우,STK
458610,한국제12호스팩,KSQ
469480,IBKS제24호스팩,KSQ
456490,교보14호스팩,KSQ
45226K,한화갤러리아우,STK
440790,교보13호스팩,KSQ
464440,한국제13호스팩,KSQ
468760,유진스팩10호,KSQ
004985,성신양회우,STK
418210,신한제10호스팩,KSQ
462020,에이치엠씨제6호스팩,KSQ
445360,비엔케이제1호스팩,KSQ
238170,엔에스엠,KNX
472230,에스케이증권제11호스팩,KSQ
433530,키움제7호스팩,KSQ
00806K,대덕1우,STK
473370,비엔케이제2호스팩,KSQ
136660,큐엠씨,KNX
386580,한화플러스제2호스팩,KSQ
189350,코셋,KNX
465320,교보15호스팩,KSQ
435870,에스케이증권제8호스팩,KSQ
442130,유진스팩9호,KSQ
413600,키움제6호스팩,KSQ
26490K,크라운제과우,STK
447690,아이오바이오,KNX
001515,SK증권우,STK
457940,에스케이증권제10호스팩,KSQ
000325,노루홀딩스우,STK
161570,THE MIDONG,KSQ
258540,에스엘테라퓨틱스,KNX
475240,하나32호스팩,KSQ
236030,씨알푸드,KNX
001755,한양증권우,STK
438580,엔에이치스팩25호,KSQ
114920,대주이엔티,KNX
007575,일양약품우,STK
36328K,티와이홀딩스우,STK
299480,지앤이헬스케어,KNX
014825,동원시스템즈우,STK
448780,마이크로엔엑스,KNX
233990,질경이,KNX
276240,엘리비젼,KNX
446600,카이바이오텍,KNX
008355,남선알미우,STK
090355,노루페인트우,STK
000145,하이트진로홀딩스우,STK
005745,크라운해태홀딩스우,STK
092590,럭스피아,KNX
266870,파워풀엑스,KNX
00781K,코리아써키트2우B,STK
217910,에스제이켐,KNX
014285,금강공업우,STK
005965,동부건설우,STK
258050,테크트랜스,KNX
266170,뿌리깊은나무들,KNX
000545,흥국화재우,STK
004545,깨끗한나라우,STK
208890,미래엔에듀파트너,KNX
121060,유니포인트,KNX
012205,계양전기우,STK
009415,태영건설우,STK
283100,노보믹스,KNX
318660,타임기술,KNX
140660,위월드,KNX
011155,CJ씨푸드1우,STK
215570,크로넥스,KNX
270210,에스알바이오텍,KNX
004415,서울식품우,STK
014915,성문전자우,STK
002787,진흥기업2우B,STK
002785,진흥기업우B,STK
288490,나라소프트,KNX
000227,유유제약2우B,STK
002995,금호건설우,STK
032685,소프트센우,KSQ
001525,동양우,STK
001527,동양2우B,STK
021045,대호특수강우,KSQ
266470,바이오인프라생명과학,KNX
217320,썬테크,KNX
413300,티엘엔지니어링,KNX
245450,씨앤에스링크,KNX
308700,테크엔,KNX
322190,베른,KNX
